Дата,value
2022-02-08,27.7
2022-02-09,27.75
2022-02-10,27.78
2022-02-11,27.75
2022-02-14,27.85
2022-02-14,28.0
2022-02-15,28.3
2022-02-15,28.1
2022-02-16,28.0
2022-02-17,27.98
2022-02-17,28.05
2022-02-18,28.2
2022-02-21,28.2
2022-02-22,28.42
2022-02-22,28.45
2022-02-23,28.9
2022-02-23,28.98
2022-02-24,29.25
2022-02-24,29.25
2022-02-24,29.2549
2022-02-24,29.2549
2022-02-25,29.2549
2022-02-25,29.2549
2022-03-02,29.2549
2022-03-03,29.2549
2022-03-04,29.2549
2022-03-05,29.2549
2022-03-07,29.2549
2022-03-09,29.2549
2022-03-12,29.2549
2022-03-14,29.2549
2022-03-15,29.2549
2022-03-16,29.2549
2022-03-17,29.2549
2022-03-18,29.2549
2022-03-21,29.2549
2022-03-22,29.2549
2022-03-23,29.2549
2022-03-23,29.2549
2022-03-24,29.2549
2022-03-25,29.2549
2022-03-28,29.2549
2022-03-29,29.2549
2022-03-30,29.2549
2022-03-31,29.2549
2022-04-01,29.2549
2022-04-04,29.2549
2022-04-05,29.2549
2022-04-06,29.2549
2022-04-07,29.2549
2022-04-08,29.2549
2022-04-09,29.2549
2022-04-11,29.2549
2022-04-12,29.2549
2022-04-13,29.2549
2022-04-14,29.2549
2022-04-15,29.2549
2022-04-18,29.2549
2022-04-18,29.2549
2022-04-19,29.5
2022-04-20,29.5
2022-04-21,29.5
2022-04-22,29.8
2022-04-25,29.9
2022-04-26,29.9
2022-04-27,29.9
2022-04-28,31.0
2022-04-29,31.2
2022-05-02,31.3
2022-05-03,31.3
2022-05-04,31.3
2022-05-05,31.4
2022-05-06,31.5
2022-05-09,31.5
2022-05-09,31.5
2022-05-10,31.5
2022-05-11,31.5
2022-05-12,31.5
2022-05-13,31.5
2022-05-16,31.5
2022-05-17,31.5
2022-05-18,31.5
2022-05-19,31.5
2022-05-20,31.5
2022-05-22,31.6
2022-05-24,38.8
2022-05-24,37.0
2022-05-24,37.0
2022-05-24,36.2
2022-05-24,36.2
2022-05-24,36.2
2022-05-25,34.0
2022-05-25,34.0
2022-05-26,34.4
2022-05-26,35.8
2022-05-27,35.7
2022-05-30,35.7
2022-05-30,35.5
2022-05-31,35.3
2022-05-31,35.1
2022-06-01,35.0
2022-06-01,34.75
2022-06-02,34.9
2022-06-03,34.9
2022-06-06,35.0
2022-06-06,34.5
2022-06-07,34.5
2022-06-07,34.5
2022-06-08,34.55
2022-06-09,34.6
2022-06-10,34.7
2022-06-13,34.7
2022-06-13,34.7
2022-06-13,34.7
2022-06-14,34.85
2022-06-15,35.0
2022-06-16,35.2
2022-06-17,35.35
2022-06-20,35.25
2022-06-20,35.0
2022-06-21,35.0
2022-06-22,35.0
2022-06-23,35.0
2022-06-24,35.1
2022-06-26,35.1
2022-06-27,35.1
2022-06-28,35.2
2022-06-29,35.2
2022-06-30,35.3
2022-06-30,35.3
2022-07-01,35.3
2022-07-04,35.25
2022-07-04,35.25
2022-07-05,35.15
2022-07-05,35.05
2022-07-05,35.05
2022-07-06,34.95
2022-07-07,35.1
2022-07-07,35.4
2022-07-07,35.55
2022-07-08,35.55
2022-07-11,36.0
2022-07-12,36.1
2022-07-12,36.5
2022-07-12,36.8
2022-07-13,36.8
2022-07-13,37.0
2022-07-14,36.9
2022-07-14,37.0
2022-07-15,37.0
2022-07-15,36.9
2022-07-18,36.8
2022-07-19,36.8
2022-07-19,36.7
2022-07-20,36.5
2022-07-21,36.5
2022-07-21,36.65
2022-07-21,36.8
2022-07-22,37.0
2022-07-22,37.8
2022-07-25,38.0
2022-07-25,38.2
2022-07-26,38.5
2022-07-26,38.9
2022-07-27,39.0
2022-07-27,39.2
2022-07-28,39.5
2022-07-29,39.5
2022-08-02,39.65
2022-08-03,39.65
2022-08-03,39.35
2022-08-03,39.0
2022-08-04,38.5
2022-08-04,38.4
2022-08-05,38.65
2022-08-05,38.6
2022-08-08,38.6
2022-08-08,38.8
2022-08-09,38.85
2022-08-10,39.4
2022-08-11,39.5
2022-08-11,39.5
2022-08-12,39.5
2022-08-15,39.5
2022-08-16,39.5
2022-08-17,39.55
2022-08-18,39.65
2022-08-19,39.75
2022-08-22,39.75
2022-08-23,39.75
2022-08-24,39.9
2022-08-25,39.9
2022-08-26,39.8
2022-08-29,39.8
2022-08-29,39.8
2022-08-30,39.8
2022-08-31,39.8
2022-09-01,39.8
2022-09-02,39.8
2022-09-05,39.8
2022-09-06,39.8
2022-09-07,39.8
2022-09-08,39.8
2022-09-09,39.8
2022-09-12,39.8
2022-09-13,39.8
2022-09-14,39.8
2022-09-15,39.8
2022-09-16,39.8
2022-09-19,39.8
2022-09-20,39.8
2022-09-20,40.6
2022-09-21,40.6
2022-09-21,40.8
2022-09-22,40.8
2022-09-23,41.0
2022-09-23,41.0
2022-09-23,41.3
2022-09-26,41.3
2022-09-27,41.4
2022-09-28,41.45
2022-09-29,41.5
2022-09-30,41.5
2022-10-03,41.4
2022-10-03,41.0
2022-10-04,40.8
2022-10-04,40.0
2022-10-05,39.95
2022-10-05,40.2
2022-10-06,40.35
2022-10-06,40.35
2022-10-07,40.4
2022-10-10,40.45
2022-10-11,40.45
2022-10-12,40.45
2022-10-12,40.45
2022-10-13,40.5
2022-10-14,40.3
2022-10-16,40.25
2022-10-18,40.25
2022-10-18,40.3
2022-10-20,40.3
2022-10-21,40.3
2022-10-24,40.2
2022-10-25,40.1
2022-10-25,39.8
2022-10-26,39.8
2022-10-26,39.4
2022-10-27,39.3
2022-10-28,39.3
2022-10-30,39.2
2022-10-31,39.2
2022-11-01,39.4
2022-11-02,39.6
2022-11-03,39.8
2022-11-04,39.8
2022-11-07,39.9
2022-11-08,40.0
2022-11-09,40.05
2022-11-10,40.1
2022-11-11,40.1
2022-11-11,40.1
2022-11-14,40.15
2022-11-14,40.15
2022-11-15,40.15
2022-11-15,40.15
2022-11-15,40.15
2022-11-15,40.15
2022-11-15,40.15
2022-11-17,40.2
2022-11-18,40.15
2022-11-18,40.15
2022-11-21,40.05
2022-11-21,39.9
2022-11-22,39.9
2022-11-23,40.0
2022-11-24,40.0
2022-11-25,40.05
2022-11-26,39.85
2022-11-28,39.85
2022-11-29,39.95
2022-11-30,39.9
2022-12-01,39.95
2022-12-02,40.0
2022-12-05,39.9
2022-12-05,39.95
2022-12-06,40.0
2022-12-07,39.85
2022-12-08,39.85
2022-12-09,39.75
2022-12-12,39.65
2022-12-13,39.7
2022-12-13,39.7
2022-12-14,39.75
2022-12-14,39.85
2022-12-15,39.85
2022-12-16,39.75
2022-12-19,39.75
2022-12-20,39.8
2022-12-21,39.85
2022-12-22,39.95
2022-12-22,39.95
2022-12-23,40.0
2022-12-26,40.0
2022-12-27,40.2
2022-12-28,40.25
2022-12-28,40.05
2022-12-29,40.05
2022-12-29,40.05
2022-12-29,40.05
2022-12-29,40.05
2022-12-29,40.15
2022-12-30,40.12
2023-01-01,40.15
2023-01-03,40.2
2023-01-04,40.15
2023-01-05,40.25
2023-01-06,40.25
2023-01-09,40.2
2023-01-09,40.3
2023-01-10,40.38
2023-01-11,40.35
2023-01-11,40.2
2023-01-12,40.25
2023-01-13,40.3
2023-01-13,40.3
2023-01-15,40.25
2023-01-17,40.25
2023-01-18,40.25
2023-01-18,40.25
2023-01-19,40.25
2023-01-19,40.2
2023-01-23,40.15
2023-01-24,40.2
2023-01-24,40.2
2023-01-25,40.25
2023-01-25,40.25
2023-01-26,40.25
2023-01-26,40.25
2023-01-30,40.25
2023-01-31,40.2
2023-01-31,40.0
2023-02-01,40.1
2023-02-01,40.1
2023-02-02,39.95
2023-02-03,39.8
2023-02-06,39.8
2023-02-06,39.8
